{"cameraMode":{"drawMode":0,"name":"Shaded","section":"Shading Mode"},"sceneLighting":true,"audioPlay":false,"sceneViewState":{"showFog":false,"showMaterialUpdate":false,"showSkybox":false,"showFlares":false,"showImageEffects":true,"showParticleSystems":true},"in2DMode":false,"pivot":{"x":1.9889030456542969,"y":1.964203119277954,"z":-0.671328067779541},"rotation":{"x":-0.011607745662331581,"y":0.026135794818401338,"z":0.0003102338523603976,"w":0.9995909929275513},"size":3.104114532470703,"orthographic":true}