{"cameraMode":{"drawMode":0,"name":"Shaded","section":"Shading Mode"},"sceneLighting":true,"audioPlay":false,"sceneViewState":{"showFog":false,"showMaterialUpdate":false,"showSkybox":false,"showFlares":false,"showImageEffects":true,"showParticleSystems":true},"in2DMode":false,"pivot":{"x":31.81406593322754,"y":12.438798904418946,"z":36.34771728515625},"rotation":{"x":0.12906980514526368,"y":0.5523714423179627,"z":-0.08705762773752213,"w":0.8189309239387512},"size":72.69795227050781,"orthographic":false}