{"cameraMode":{"drawMode":0,"name":"Shaded","section":"Shading Mode"},"sceneLighting":true,"audioPlay":false,"sceneViewState":{"showFog":false,"showMaterialUpdate":false,"showSkybox":false,"showFlares":false,"showImageEffects":true,"showParticleSystems":true},"in2DMode":false,"pivot":{"x":1.41845703125,"y":1.4890594482421876,"z":-0.81427001953125},"rotation":{"x":-1.59357806950311e-8,"y":-0.6833919882774353,"z":9.993351923753835e-9,"w":0.7300516963005066},"size":3.0084261894226076,"orthographic":true}