{"cameraMode":{"drawMode":0,"name":"Shaded","section":"Shading Mode"},"sceneLighting":true,"audioPlay":false,"sceneViewState":{"showFog":false,"showMaterialUpdate":false,"showSkybox":false,"showFlares":false,"showImageEffects":true,"showParticleSystems":true},"in2DMode":false,"pivot":{"x":1.5143616199493409,"y":0.9591086506843567,"z":-0.01817305013537407},"rotation":{"x":0.035656124353408816,"y":-0.9528517127037048,"z":0.12360276281833649,"w":0.2748176157474518},"size":4.5133514404296879,"orthographic":true}