{"cameraMode":{"drawMode":0,"name":"Shaded","section":"Shading Mode"},"sceneLighting":true,"audioPlay":false,"sceneViewState":{"showFog":false,"showMaterialUpdate":false,"showSkybox":false,"showFlares":false,"showImageEffects":true,"showParticleSystems":true},"in2DMode":false,"pivot":{"x":0.43271395564079287,"y":0.990739107131958,"z":-3.0879366397857668},"rotation":{"x":0.038989756256341937,"y":-0.004496519919484854,"z":0.00017529993783682585,"w":0.9992295503616333},"size":3.7284317016601564,"orthographic":true}