{"cameraMode":{"drawMode":0,"name":"Shaded","section":"Shading Mode"},"sceneLighting":true,"audioPlay":false,"sceneViewState":{"showFog":false,"showMaterialUpdate":false,"showSkybox":false,"showFlares":false,"showImageEffects":true,"showParticleSystems":true},"in2DMode":false,"pivot":{"x":1.5143616199493409,"y":0.9591086506843567,"z":-0.01817305013537407},"rotation":{"x":0.07492846995592118,"y":0.005982790142297745,"z":-0.0004595135396812111,"w":0.9971708655357361},"size":4.5133514404296879,"orthographic":true}