{"cameraMode":{"drawMode":0,"name":"Shaded","section":"Shading Mode"},"sceneLighting":true,"audioPlay":false,"sceneViewState":{"showFog":false,"showMaterialUpdate":false,"showSkybox":false,"showFlares":false,"showImageEffects":true,"showParticleSystems":true},"in2DMode":false,"pivot":{"x":1.4433403015136719,"y":1.21123468875885,"z":-2.9918527603149416},"rotation":{"x":-0.00009979341848520562,"y":0.9997438192367554,"z":-0.004500309005379677,"w":-0.02218225598335266},"size":7.546664237976074,"orthographic":false}